customer_id,customer_name,customer_email,customer_password
1,Alice Johnson,alice.j@workplace.com,sunshine23
2,David Smith,dave.smith22@outlook.com,blueTiger88
3,Emily Davis,emily_d234@mail.com,soccerFan42
4,Michael Brown,mbrown.office93@gmail.com,marget03
5,Sophia Martinez,sophia.m_artinez@fastmail.com,rainyDay99
6,Ethan Garcia,ethangarcia45@random.net,mountainView
7,Isabella Wilson,izzy.wilson1999@yahoo.com,1234pass
8,James Taylor,taylorj987@mycompany.org,fastRunner12
9,Mia Anderson,anderson.mia12@gmail.com,chocoChip7
10,Alexander Thomas,alexthomas.hero@domain.net,happyFeet5
11,Chloe Moore,cmoore23@moorestuff.com,pineTree9
12,Daniel Martin,daniel_mart99@outlook.com,sweetTooth1
13,Ava Lee,lee_ava34@bestmail.net,bunnyHop42
14,Olivia Hernandez,liv.hernandez67@domain.org,cloudySky8
15,Benjamin Clark,bclark87@yahoo.com,beachVibes34
16,Lily Walker,lily.walker_mail@random.com,silentNight7
17,Elijah Hall,hallofelijah@bizmail.org,grapeSoda19
18,Grace Allen,gracea77@superfast.com,movieBuff4
19,Samuel Lewis,samuel.lew99@inbox.net,starryNight7
20,Victoria Young,youngvictoria@fancyplace.com,funZone88
21,Liam King,kingliam123@newmail.com,winterChill5
22,Charlotte Wright,char.wright82@mywork.net,dogLover3
23,Jacob Scott,scottjake@randommail.org,coolBeans4
24,Amelia Adams,amelia_addy@domain.net,sunnySide1
25,Noah Nelson,nelson_noah@nowhere.com,jellyBean9
26,Ella Baker,ellabaker212@companymail.net,goldenHour12
27,Henry Mitchell,mitchell.henry03@random.org,fruitPunch3
28,Hannah Campbell,hannah_inbox@xyz.com,tacoTuesday7
29,Lucas Carter,lcarter88@techplace.net,bookLover19
30,Madison Turner,madison.turner@speedmail.com,popcorn42
31,Mason Roberts,roberts-mason@biz.co,zebraDance99
32,Layla Phillips,laylap92@newmail.net,jumpHigh7
33,Sebastian Parker,sb_parker@securemail.org,gamerLife24
34,Scarlett Evans,scar.evans@anotherdomain.net,dreamBig77
35,Owen Edwards,owen.edwards34@cloudmail.com,musicNotes4
36,Abigail Collins,collins.abby@domainplace.net,oceanBreeze9
37,Matthew Stewart,mstewart234@yahoo.com,nightOwl3
38,Zoe Cooper,zoe_cooper88@workmail.com,couchPotato1
39,William Simmons,will.simmons21@secureplace.org,hikingTrail8
40,Natalie Reed,natalie987@fast.com,superHero9
41,Jack Peterson,jack_pet23@randomemail.net,crystalBall7
42,Leah Foster,foster.leah12@company.org,magicSpell22
43,Aiden Bailey,bailey_aid@fastmail.com,luckyCat5
44,Samantha Rogers,samrogers123@random.org,jungleVibes1
45,Jayden Powell,jay.powell@powmail.net,fizzyDrink4
46,Harper Long,harper_longmail@xyz.net,snowflake99
47,Connor Jenkins,connorj_jenkins88@mail.com,robotDance2
48,Aria Howard,aria.howard@securemail.com,pizzaParty88
49,Ryan Barnes,ryan.barnes99@domainplace.com,fancyShoes3
50,Violet Cox,violete.cox@xyzmail.org,comfySweater5
51,Cameron Butler,cam.butler@businessmail.net,quietRiver12
52,Lucy Hayes,lucyhayes98@secure.org,spaceJourney9
53,Jonathan Perry,jperry_jon@company.org,bakingDay44
54,Penelope Sanders,penelope.s_123@techplace.net,mintyFresh7
55,Dylan Price,dprice94@supermail.org,sundaeFun9
56,Paisley Bennett,paisleyben@randomplace.net,purpleRain8
57,Caleb Coleman,caleb_cole99@xyz.com,sleepyBear22
58,Maya Russell,maya.russell34@mailplace.net,caramelPop4
59,Isaac Brooks,ibrooks_secure@fastmail.net,hotCocoa1
60,Luna Griffin,luna.g123@random.org,forestPath8
61,Nathan Hayes,nhayes@workplace.co,smoothRide3
62,Savannah Peterson,savan.peterson22@domainplace.net,doodleBug7
63,Hunter Cox,hunter.cox03@newmail.com,brightMoon9
64,Aubrey Reed,aubrey_r23@fastmail.org,Reed&74
65,Gabriel Long,gabriel_longbiz@xyzmail.net,sillyGoose42
66,Hazel Patterson,hazel_pat_01@bizmail.org,iceCream12
67,Evan Cooper,evancooper@randomplace.com,loudSpeaker7
68,Nora Simmons,nora_sim4@mycompany.org,happyTaco9
69,Nicholas Kelly,nick_kelly@companymail.net,greenLeaf3
70,Stella Ward,stella.ward@secureplace.org,puzzlePiece1
71,Aaron Bailey,aaron_baileymail@cloud.com,sneakerRun88
72,Ruby Rogers,ruby.rog@randomdomain.org,gardenJoy7
73,Brandon Morgan,bmorgan12@techmail.net,coolShadow4
74,Kinsley Powell,powell.kins@randomplace.com,peacefulMind5
75,Austin Barnes,austinb_work@securemail.org,jumpyFrog9
76,Alexa Bennett,alexa.bennett87@mailplace.net,sodaPop42
77,Adam Jenkins,adam.jenk34@xyz.org,butterfly12
78,Piper Perry,piperp_88@randomemail.net,cozyBlanket9
79,Christian Russell,chris.russ01@cloudplace.com,sunshiney7
80,Clara Mitchell,clara.mitchell@fastmail.net,soccerStar8
81,Eli Butler,eli_butler@businessmail.com,rainDance2
82,Addison Phillips,addison.phi01@xyz.net,quietMoment1
83,Carson Walker,carson_w99@companymail.net,fuzzySocks3
84,Alyssa Hall,alyssa.hall_inbox@secure.net,sugarRush4
85,Kevin Moore,kevinm@bizplace.org,livelyBeat9
86,Molly Taylor,mollyt234@techplace.net,cloudGazer8
87,Justin Carter,justin.c@randomplace.com,friendlyGhost2
88,Naomi Lee,naomi.lee4@xyzmail.net,waterSlide22
89,Tyler Martinez,tylermartinez@secureplace.com,trekkingDay5
90,Eva Stewart,eva.stew87@company.org,robotFun7
91,Jason Adams,jason_123@xyz.net,lunarLight8
92,Sadie Brooks,sadieb_mail@cloudplace.org,polarBear9
93,Brayden Hernandez,bray.hern94@domainplace.com,autumnChill4
94,Julia Campbell,julia_camp@fastmail.net,starGazer5
95,Zachary Parker,zparker93@xyzmail.net,midnightSun12
96,Ivy Foster,ivy.foster@cloudmail.com,luckyNumber8
97,Luke Edwards,luke.edwards@randommail.net,adventure99
98,Aurora Collins,aurora_collins34@supermail.org,bouncyCastle7
99,Jordan Young,jordan_y@newplace.org,jman33
100,Brielle Baker,brielle.bake@xyzmail.net,shakenbake44